spec,sample_note,coef,se,p_value,effect_10pp,n_obs,r2,same_sign_as_baseline
baseline_replication,Replicates Day4 baseline specification,-0.10950334054089685,0.02015729781489497,5.5588190026608874e-08,-0.010950334054089685,21999,0.06388151265751008,1
exclude_2020,Drops 2020 transition year,-0.11046063678118997,0.020284646598535745,5.165156848700945e-08,-0.011046063678118999,18856,0.07865939273253342,1
full_panel_only,Keeps counties observed in all years,-0.11239039221077571,0.02030174892447166,3.094653790861167e-08,-0.011239039221077572,21930,0.06511754904697198,1
winsorized_treatment_1_99,Winsorized treatment at 1st/99th percentiles,-0.11741218799388588,0.02083276368950086,1.741068776156267e-08,-0.011741218799388588,21999,0.06614755118790672,1
lagged_treatment_l1,Uses one-year lagged treatment,-0.10481517180706039,0.024462703985023194,1.8299185472618718e-05,-0.01048151718070604,18846,0.05223725282668612,1
placebo_future_treatment_f1,Placebo with one-year lead treatment,-0.09744654683687651,0.015522701887576394,3.4366348779636615e-10,-0.009744654683687652,18846,0.05375001510380606,1
add_series_break_control,Adds FCC post-2022 series-break control,-0.11267087734122493,0.02025393384410191,2.653077669602819e-08,-0.011267087734122494,21999,0.06662954080107686,1
first_difference,County first-difference sensitivity,0.13638344936400765,0.012529990571251143,1.3655466171002287e-27,0.013638344936400766,18845,0.07483682626862342,0
